repo	cve	stack	backends	judge	fam	svc
A	cve-2010-10009	php-apache	db	sqli-time-blind	H	db
A	cve-2012-1571	debian/ubuntu	-	behavioral/logic(exec-lib)	C	no-svc
A	cve-2012-4456	python	-	auth/access-bypass(http)	H	no-svc
A	cve-2013-10007	wordpress	db	cmd/code-injection(exec)	H	db
A	cve-2013-10023	wordpress	db	sqli	H	db
A	cve-2014-4503	debian/ubuntu	-	behavioral/logic(exec-lib)	C	no-svc
A	cve-2014-9414	php-apache	mysql	auth/access-bypass(http)	H	db
A	cve-2015-10012	php-apache	mysql	auth/access-bypass(http)	H	db
A	cve-2015-10046	php-apache	-	sqli-time-blind	H	no-svc
A	cve-2015-10096	ruby	-	cmd-injection(http)	H	no-svc
A	cve-2015-7519	debian/ubuntu	-	auth/access-bypass(http)	H	no-svc
A	cve-2015-8314	ruby	-	cmd/code-injection(exec)	H	no-svc
A	cve-2015-9097	ruby	-	cmd/code-injection(exec)	C	no-svc
A	cve-2016-10140	debian/ubuntu	-	auth/access-bypass(http)	H	no-svc
A	cve-2016-10507	debian/ubuntu	-	behavioral/logic(exec-lib)	C	no-svc
A	cve-2016-1248	debian/ubuntu	-	path-traversal/LFI	C	no-svc
A	cve-2016-4069	php-apache	-	path-traversal/LFI	H	no-svc
A	cve-2016-4484	debian/ubuntu	-	cmd/code-injection(exec)	C	no-svc
A	cve-2016-5096	debian/ubuntu	-	behavioral/logic(exec-lib)	C	no-svc
A	cve-2016-5767	debian/ubuntu	-	behavioral/logic(exec-lib)	C	no-svc
A	cve-2016-5771	debian/ubuntu	-	deserialization	C	no-svc
A	cve-2016-7130	debian/ubuntu	-	deserialization	C	no-svc
A	cve-2016-7417	debian/ubuntu	-	deserialization	C	no-svc
A	cve-2016-9122	go	-	behavioral/logic(exec-lib)	C	no-svc
A	cve-2016-9132	debian/ubuntu	-	cmd/code-injection(exec)	C	no-svc
A	cve-2017-1000443	debian/ubuntu	db	auth/access-bypass(http)	H	db
A	cve-2017-10929	debian/ubuntu	-	cmd/code-injection(exec)	C	no-svc
A	cve-2017-12932	debian/ubuntu	-	deserialization	C	no-svc
A	cve-2017-13013	debian/ubuntu	-	cmd/code-injection(exec)	C	no-svc
A	cve-2017-14169	debian/ubuntu	-	behavioral/logic(exec-lib)	C	no-svc
A	cve-2017-14639	debian/ubuntu	-	behavioral/logic(exec-lib)	C	no-svc
A	cve-2017-15367	php-apache	-	sqli	H	no-svc
A	cve-2017-16754	php-cli	-	auth/access-bypass(http)	H	no-svc
A	cve-2017-17714	python	-	sqli	H	no-svc
A	cve-2017-17899	php-apache	db	sqli-time-blind	H	db
A	cve-2017-18183	debian/ubuntu	-	cmd/code-injection(exec)	C	no-svc
A	cve-2017-5188	debian/ubuntu	-	path-traversal/LFI	C	no-svc
A	cve-2017-6308	debian/ubuntu	-	cmd/code-injection(exec)	C	no-svc
A	cve-2017-6837	debian/ubuntu	-	behavioral/logic(exec-lib)	C	no-svc
A	cve-2018-15531	java	-	xxe	H	no-svc
A	cve-2018-15854	debian/ubuntu	-	behavioral/logic(exec-lib)	C	no-svc
A	cve-2018-18586	debian/ubuntu	-	path-traversal/LFI	C	no-svc
A	cve-2018-21036	node	-	cmd/code-injection(exec)	H	no-svc
A	cve-2018-25068	java	-	cmd/code-injection(exec)	C	no-svc
A	cve-2018-25087	python	-	auth/access-bypass(http)	H	no-svc
A	cve-2018-6354	python	db,redis	auth/access-bypass(http)	H	db
A	cve-2018-8828	debian/ubuntu	-	behavioral/logic(exec-lib)	C	no-svc
A	cve-2018-8905	debian/ubuntu	-	behavioral/logic(exec-lib)	C	no-svc
A	cve-2019-1010062	php-apache	-	path-traversal/LFI	H	no-svc
A	cve-2019-10799	node	-	cmd/code-injection(exec)	C	no-svc
A	cve-2019-14868	debian/ubuntu	-	cmd/code-injection(exec)	C	no-svc
A	cve-2019-15681	debian/ubuntu	-	unknown	?	no-svc
A	cve-2019-17675	php-apache	db	cmd/code-injection(exec)	C	db
A	cve-2019-18844	debian/ubuntu	-	cmd/code-injection(exec)	C	no-svc
A	cve-2019-19250	node	-	sqli	H	no-svc
A	cve-2020-11071	node	-	behavioral/logic(exec-lib)	C	no-svc
A	cve-2020-11082	ruby	-	access-control/leak(http)	H	no-svc
A	cve-2020-14398	debian/ubuntu	-	cmd/code-injection(exec)	C	no-svc
A	cve-2020-14404	debian/ubuntu	-	cmd/code-injection(exec)	C	no-svc
A	cve-2020-15225	python	-	unknown	?	no-svc
A	cve-2020-15272	node	-	path-traversal/LFI	C	no-svc
A	cve-2020-1917	hhvm	-	cmd/code-injection(exec)	C	no-svc
A	cve-2020-26214	python	db,openldap	auth/access-bypass(http)	H	db
A	cve-2020-26240	go	-	cmd/code-injection(exec)	C	no-svc
A	cve-2020-26245	node	-	prototype-pollution	C	no-svc
A	cve-2020-26253	php-apache	-	auth/access-bypass(http)	H	no-svc
A	cve-2020-26275	python	-	unknown	?	no-svc
A	cve-2020-27638	debian/ubuntu	-	behavioral/logic(exec-lib)	C	no-svc
A	cve-2020-36620	dotnet	-	cmd/code-injection(exec)	C	no-svc
A	cve-2020-36641	java	-	path-traversal/LFI	C	no-svc
A	cve-2020-36659	perl	-	cmd/code-injection(exec)	C	no-svc
A	cve-2020-36768	python	postgres	sqli-time-blind	H	db
A	cve-2020-7735	node	-	path-traversal/LFI	C	no-svc
A	cve-2021-21270	dotnet	-	cmd/code-injection(exec)	C	no-svc
A	cve-2021-21421	node	-	cmd/code-injection(exec)	C	no-svc
A	cve-2021-22568	debian/ubuntu	-	cmd/code-injection(exec)	H	no-svc
A	cve-2021-23348	node	-	cmd/code-injection(exec)	C	no-svc
A	cve-2021-23360	node	-	cmd/code-injection(exec)	C	no-svc
A	cve-2021-23407	dotnet	-	path-traversal/LFI	H	no-svc
A	cve-2021-25957	prebuilt-app	mariadb	cmd-injection(http)	H	db
A	cve-2021-26567	debian/ubuntu	-	behavioral/logic(exec-lib)	C	no-svc
A	cve-2021-29580	debian/ubuntu	-	behavioral/logic(exec-lib)	C	no-svc
A	cve-2021-30199	debian/ubuntu	-	behavioral/logic(exec-lib)	C	no-svc
A	cve-2021-31660	debian/ubuntu	-	cmd/code-injection(exec)	C	no-svc
A	cve-2021-33361	debian/ubuntu	-	behavioral/logic(exec-lib)	C	no-svc
A	cve-2021-3730	php-cli	db	auth/access-bypass(http)	H	db
A	cve-2021-37517	php-apache	db	behavioral/logic(exec-lib)	C	db
A	cve-2021-3783	php-apache	db	auth/access-bypass(http)	H	db
A	cve-2021-43616	node	-	behavioral/logic(exec-lib)	C	no-svc
A	cve-2021-43836	php-cli	-	cmd/code-injection(exec)	C	no-svc
A	cve-2021-46398	go	-	path-traversal/LFI	H	no-svc
B	cve-2021-46880	debian/ubuntu	-	cmd/code-injection(exec)	C	no-svc
B	cve-2022-0372	php-cli	db	auth/access-bypass(http)	H	db
B	cve-2022-0476	debian/ubuntu	-	behavioral/logic(exec-lib)	C	no-svc
B	cve-2022-1325	debian/ubuntu	-	cmd/code-injection(exec)	C	no-svc
B	cve-2022-1379	java	-	ssrf	C	no-svc
B	cve-2022-1511	php-apache	db	auth/access-bypass(http)	H	db
B	cve-2022-1771	debian/ubuntu	-	cmd/code-injection(exec)	C	no-svc
B	cve-2022-1849	php-apache	-	auth/access-bypass(http)	H	no-svc
B	cve-2022-1996	go	-	cmd-injection(http)	H	no-svc
B	cve-2022-21722	debian/ubuntu	-	cmd/code-injection(exec)	C	no-svc
B	cve-2022-23057	python	mariadb,redis	cmd-injection(http)	H	db
B	cve-2022-23603	python	-	http-other	H	no-svc
B	cve-2022-23630	java	-	cmd/code-injection(exec)	C	no-svc
B	cve-2022-23651	python	-	behavioral/logic(exec-lib)	C	no-svc
B	cve-2022-23653	python	-	behavioral/logic(exec-lib)	C	no-svc
B	cve-2022-23837	ruby	-	auth/access-bypass(http)	H	no-svc
B	cve-2022-24895	php-cli	-	auth/access-bypass(http)	H	no-svc
B	cve-2022-25967	node	-	cmd/code-injection(exec)	H	no-svc
B	cve-2022-29180	go	-	path-traversal/LFI	H	no-svc
B	cve-2022-2997	php-cli	db	auth/access-bypass(http)	H	db
B	cve-2022-31086	php-apache	-	http-other	H	no-svc
B	cve-2022-31099	rust	-	behavioral/logic(exec-lib)	C	no-svc
B	cve-2022-32545	debian/ubuntu	-	cmd/code-injection(exec)	C	no-svc
B	cve-2022-36008	rust	-	cmd/code-injection(exec)	C	no-svc
B	cve-2022-36067	node	-	cmd/code-injection(exec)	C	no-svc
B	cve-2022-39222	go	-	auth/access-bypass(http)	H	no-svc
B	cve-2022-39226	ruby	postgres,redis	cmd/code-injection(exec)	C	db
B	cve-2022-39252	rust	-	unknown	?	no-svc
B	cve-2022-3969	java	-	behavioral/logic(exec-lib)	C	no-svc
B	cve-2022-4065	java	-	path-traversal/LFI	C	no-svc
B	cve-2022-42898	debian/ubuntu	-	behavioral/logic(exec-lib)	C	no-svc
B	cve-2022-46153	go	backend	unknown	?	db
B	cve-2022-46945	php-apache	-	path-traversal/LFI	H	no-svc
B	cve-2022-4942	node	-	cmd/code-injection(exec)	C	no-svc
B	cve-2023-0455	php-apache	db	auth/access-bypass(http)	H	db
B	cve-2023-0739	node	-	auth/access-bypass(http)	H	no-svc
B	cve-2023-1545	debian/ubuntu	db	sqli	H	db
B	cve-2023-1605	debian/ubuntu	-	behavioral/logic(exec-lib)	C	no-svc
B	cve-2023-1625	python	-	unknown	?	no-svc
B	cve-2023-2105	php-apache	database	auth/access-bypass(http)	H	db
B	cve-2023-28487	debian/ubuntu	-	cmd/code-injection(exec)	C	no-svc
B	cve-2023-28854	php-apache	-	path-traversal/LFI	H	no-svc
B	cve-2023-30857	node	-	prototype-pollution	C	no-svc
B	cve-2023-3173	php-apache	db	cmd-injection(http)	H	db
B	cve-2023-34411	rust	-	cmd/code-injection(exec)	C	no-svc
B	cve-2023-3515	go	-	auth/access-bypass(http)	H	no-svc
B	cve-2023-37261	java	-	ssrf	C	no-svc
B	cve-2023-39350	debian/ubuntu	-	behavioral/logic(exec-lib)	C	no-svc
B	cve-2023-44271	python	-	unknown	?	no-svc
B	cve-2023-45669	java	-	cmd/code-injection(exec)	C	no-svc
B	cve-2023-47129	php-cli	-	auth/access-bypass(http)	H	no-svc
B	cve-2023-4734	debian/ubuntu	-	cmd/code-injection(exec)	C	no-svc
B	cve-2023-4736	debian/ubuntu	-	cmd/code-injection(exec)	C	no-svc
B	cve-2023-4898	node	-	sqli	H	no-svc
B	cve-2023-50708	php-cli	-	cmd/code-injection(exec)	C	no-svc
B	cve-2023-50917	php-apache	-	path-traversal/LFI	H	no-svc
B	cve-2023-52082	php-cli	db	sqli-time-blind	H	db
B	cve-2024-0549	node	-	path-traversal/LFI	H	no-svc
B	cve-2024-21909	dotnet	-	behavioral/logic(exec-lib)	C	no-svc
B	cve-2024-22189	go	-	cmd/code-injection(exec)	C	no-svc
B	cve-2024-23329	python	-	auth/access-bypass(http)	H	no-svc
B	cve-2024-23831	perl	postgres	cmd-injection(http)	H	db
B	cve-2024-30265	python	-	path-traversal/LFI	H	no-svc
B	cve-2024-31442	python	db	unknown	?	db
B	cve-2024-36128	prebuilt-app	-	http-other	H	no-svc
B	cve-2024-37169	node	-	path-traversal/LFI	H	no-svc
B	cve-2024-37890	node	-	http-other	H	no-svc
