repo	cve	confidence	status
A	cve-2020-7735	0.92	converted
A	cve-2010-10009	0.90	converted
A	cve-2015-10046	0.90	converted
A	cve-2018-21036	0.90	converted
A	cve-2020-26214	0.90	converted
B	cve-2022-1996	0.90	converted
A	cve-2013-10007	0.88	converted
A	cve-2020-26245	0.88	converted
A	cve-2015-9097	0.85	converted
A	cve-2018-8905	0.85	converted
A	cve-2019-14868	0.85	converted
A	cve-2021-23348	0.85	converted
A	cve-2021-26567	0.85	converted
A	cve-2021-30199	0.85	converted
B	cve-2022-1771	0.85	converted
B	cve-2023-30857	0.85	converted
B	cve-2023-34411	0.85	converted
B	cve-2023-4734	0.85	converted
A	cve-2021-23360	0.84	converted
B	cve-2022-1325	0.83	converted
A	cve-2021-31660	0.82	converted
B	cve-2022-31086	0.82	converted
A	cve-2021-33361	0.80	converted
A	cve-2021-43836	0.80	converted
B	cve-2022-25967	0.80	converted
B	cve-2022-31099	0.80	converted
B	cve-2022-36067	0.80	converted
B	cve-2023-4736	0.80	converted
B	cve-2024-37890	0.80	converted
A	cve-2019-17675	0.78	converted
A	cve-2020-15272	0.78	converted
B	cve-2022-23837	0.78	converted
A	cve-2019-18844	0.75	converted
B	cve-2022-4942	0.75	converted
A	cve-2013-10023	0.72	converted
A	cve-2019-1010062	0.72	converted
A	cve-2019-10799	0.72	converted
B	cve-2022-1379	0.72	converted
B	cve-2023-50917	0.72	converted
A	cve-2012-1571	0.70	converted
A	cve-2015-10096	0.70	converted
A	cve-2016-10140	0.70	converted
A	cve-2020-15225	0.70	converted
A	cve-2021-21421	0.70	converted
A	cve-2021-46398	0.70	converted
B	cve-2022-42898	0.70	converted
B	cve-2023-39350	0.70	converted
B	cve-2024-23329	0.70	converted
B	cve-2024-30265	0.70	converted
A	cve-2016-10507	0.68	converted
A	cve-2017-18183	0.68	converted
A	cve-2020-26253	0.68	converted
B	cve-2022-23603	0.68	converted
A	cve-2017-14639	0.65	converted
A	cve-2020-11071	0.65	converted
B	cve-2022-24895	0.65	converted
B	cve-2023-1545	0.65	converted
A	cve-2016-5771	0.62	converted
A	cve-2016-9122	0.62	converted
A	cve-2017-17714	0.62	converted
A	cve-2017-17899	0.62	converted
A	cve-2017-5188	0.62	converted
A	cve-2021-21270	0.62	converted
B	cve-2022-36008	0.62	converted
B	cve-2022-46945	0.62	converted
B	cve-2023-44271	0.62	converted
A	cve-2016-4069	0.60	converted
A	cve-2016-7130	0.60	converted
A	cve-2016-7417	0.60	converted
A	cve-2017-13013	0.60	converted
A	cve-2017-15367	0.60	converted
A	cve-2017-16754	0.60	converted
A	cve-2017-6308	0.60	converted
A	cve-2017-6837	0.60	converted
A	cve-2018-15854	0.60	converted
A	cve-2018-25087	0.60	converted
A	cve-2020-11082	0.60	converted
A	cve-2020-36620	0.60	converted
A	cve-2020-36641	0.60	converted
A	cve-2020-36659	0.60	converted
A	cve-2021-22568	0.60	converted
A	cve-2021-3783	0.60	converted
B	cve-2022-0476	0.60	converted
B	cve-2022-21722	0.60	converted
B	cve-2022-23651	0.60	converted
B	cve-2022-23653	0.60	converted
B	cve-2022-4065	0.60	converted
B	cve-2023-1605	0.60	converted
B	cve-2023-1625	0.60	converted
B	cve-2023-4898	0.60	converted
B	cve-2024-31442	0.60	converted
B	cve-2024-36128	0.60	converted
B	cve-2023-28854	0.58	converted
A	cve-2016-5096	0.55	converted
A	cve-2017-12932	0.55	converted
A	cve-2017-14169	0.55	converted
A	cve-2018-18586	0.55	converted
A	cve-2020-14404	0.55	converted
A	cve-2020-26275	0.55	converted
A	cve-2020-36768	0.55	converted
A	cve-2021-29580	0.55	converted
B	cve-2022-29180	0.55	converted
B	cve-2023-3515	0.55	converted
B	cve-2023-47129	0.55	converted
B	cve-2023-52082	0.55	converted
B	cve-2024-0549	0.55	converted
A	cve-2012-4456	0.50	converted
A	cve-2016-1248	0.50	converted
A	cve-2016-5767	0.50	converted
A	cve-2017-10929	0.50	converted
A	cve-2018-15531	0.50	converted
A	cve-2021-23407	0.50	converted
B	cve-2022-0372	0.50	converted
B	cve-2022-39222	0.50	converted
B	cve-2022-39226	0.50	converted
B	cve-2022-46153	0.50	converted
B	cve-2023-2105	0.50	converted
B	cve-2023-3173	0.50	converted
B	cve-2024-21909	0.50	converted
B	cve-2024-37169	0.50	converted
A	cve-2014-4503	0.45	converted
A	cve-2018-6354	0.45	converted
A	cve-2020-27638	0.45	converted
A	cve-2021-3730	0.45	converted
B	cve-2023-0455	0.45	converted
B	cve-2024-23831	0.45	converted
A	cve-2021-37517	0.42	converted
A	cve-2021-43616	0.42	converted
B	cve-2023-28487	0.42	converted
B	cve-2022-1849	0.40	converted
A	cve-2014-9414	0.38	converted
A	cve-2015-10012	0.35	converted
A	cve-2017-1000443	0.35	converted
A	cve-2015-7519	0.32	converted
B	cve-2022-1511	0.32	converted
A	cve-2018-8828	0.30	converted
A	cve-2019-15681	0.40	partial
A	cve-2021-25957	0.32	partial
A	cve-2015-8314	0.30	partial
A	cve-2019-19250	0.30	partial
B	cve-2022-23057	0.30	partial
B	cve-2023-0739	0.25	partial
